station,year,month,power_kwh,fee_yuan,price_yuan_per_kwh,currency
紫金龙净拉果盐湖提锂“源网荷储”新型能源系统项目,2024,4月,1254505,878153.5,0.7,CNY
紫金龙净拉果盐湖提锂“源网荷储”新型能源系统项目,2024,5月,1664810,3116600.2,1.872045579,CNY
紫金龙净拉果盐湖提锂“源网荷储”新型能源系统项目,2024,6月,3233580,8807075.2,2.723629909,CNY
紫金龙净拉果盐湖提锂“源网荷储”新型能源系统项目,2024,7月,3638880,8807075.2,2.420270853,CNY
紫金龙净拉果盐湖提锂“源网荷储”新型能源系统项目,2024,8月,2870735,8807075.2,3.06788164,CNY
紫金龙净拉果盐湖提锂“源网荷储”新型能源系统项目,2024,9月,8111395,8807075.2,1.08576579,CNY
紫金龙净拉果盐湖提锂“源网荷储”新型能源系统项目,2024,10月,13795610,8807075.2,0.638396939,CNY
紫金龙净拉果盐湖提锂“源网荷储”新型能源系统项目,2024,11月,5691965,8807075.2,1.547282037,CNY
紫金龙净拉果盐湖提锂“源网荷储”新型能源系统项目,2024,12月,6463435,8807075.2,1.362599794,CNY
紫金龙净拉果盐湖提锂“源网荷储”新型能源系统项目,2025,1月,12581536,8807075.2,1.335025311,CNY
紫金龙净拉果盐湖提锂“源网荷储”新型能源系统项目,2025,2月,10668490,7905351.09,0.741,CNY
紫金龙净拉果盐湖提锂“源网荷储”新型能源系统项目,2025,3月,21987135,16292467.04,0.741,CNY
紫金龙净拉果盐湖提锂“源网荷储”新型能源系统项目,2025,4月,23133050,17141590.05,0.741,CNY
紫金龙净拉果盐湖提锂“源网荷储”新型能源系统项目,2025,5月,23381516,17325703.36,0.741,CNY
紫金龙净拉果盐湖提锂“源网荷储”新型能源系统项目,2025,6月,20232700,14992430.7,0.741,CNY
紫金龙净拉果盐湖提锂“源网荷储”新型能源系统项目,2025,7月,15394950,11407657.95,0.741,CNY
紫金龙净拉果盐湖提锂“源网荷储”新型能源系统项目,2025,8月,1263305,936109,0.740999996,CNY
紫金龙净拉果盐湖提锂“源网荷储”新型能源系统项目,2025,9月,17545405,13001145.11,0.741,CNY
紫金龙净拉果盐湖提锂“源网荷储”新型能源系统项目,2025,10月,20354325,15082554.83,0.741,CNY
紫金龙净拉果盐湖提锂“源网荷储”新型能源系统项目,2025,11月,23106760,17122109.16,0.741,CNY
紫金龙净拉果盐湖提锂“源网荷储”新型能源系统项目,2025,12月,20715070,15349866.87,0.741,CNY
紫金龙净克州乌恰县100万千瓦光伏项目（一期300万MW）项目,2024,7月,1184128,224263.3843,0.189391167,CNY
紫金龙净克州乌恰县100万千瓦光伏项目（一期300万MW）项目,2024,8月,10198144,1931438.398,0.189391167,CNY
紫金龙净克州乌恰县100万千瓦光伏项目（一期300万MW）项目,2024,9月,11166144,2114769.048,0.189391167,CNY
紫金龙净克州乌恰县100万千瓦光伏项目（一期300万MW）项目,2024,10月,10530432,1994370.81,0.189391167,CNY
紫金龙净克州乌恰县100万千瓦光伏项目（一期300万MW）项目,2024,11月,14855104,2631739.791,0.177160644,CNY
紫金龙净克州乌恰县100万千瓦光伏项目（一期300万MW）项目,2024,12月,34073600,4997215.48,0.146659451,CNY
紫金龙净克州乌恰县100万千瓦光伏项目（一期300万MW）项目,2025,1月,30131200,3160573.21,0.104893705,CNY
紫金龙净克州乌恰县100万千瓦光伏项目（一期300万MW）项目,2025,2月,25625600,2834374.34,0.110607141,CNY
紫金龙净克州乌恰县100万千瓦光伏项目（一期300万MW）项目,2025,3月,27737600,2739547.76,0.098766575,CNY
紫金龙净克州乌恰县100万千瓦光伏项目（一期300万MW）项目,2025,4月,25062400,3988130.54,0.159128038,CNY
紫金龙净克州乌恰县100万千瓦光伏项目（一期300万MW）项目,2025,5月,19060800,4676587.13,0.245351041,CNY
紫金龙净克州乌恰县100万千瓦光伏项目（一期300万MW）项目,2025,6月,29960832,6587521.49,0.219871113,CNY
紫金龙净克州乌恰县100万千瓦光伏项目（一期300万MW）项目,2025,7月,28562688,6216963.02,0.217660292,CNY
紫金龙净克州乌恰县100万千瓦光伏项目（一期300万MW）项目,2025,8月,26169792,5713143.55,0.218310621,CNY
紫金龙净克州乌恰县100万千瓦光伏项目（一期300万MW）项目,2025,9月,22927168,6133720.98,0.267530686,CNY
紫金龙净克州乌恰县100万千瓦光伏项目（一期300万MW）项目,2025,10月,19961920,4154021.05,0.20809727,CNY
紫金龙净克州乌恰县100万千瓦光伏项目（一期300万MW）项目,2025,11月,22305536,6369192.21,0.285543114,CNY
紫金龙净克州乌恰县100万千瓦光伏项目（一期300万MW）项目,2025,12月,26347904,5846276.63,0.221887731,CNY
黑龙江紫金光伏项目,2024,6月,151288.1667,95389.43667,0.630514856,CNY
黑龙江紫金光伏项目,2024,7月,151288.1667,95389.43667,0.630514856,CNY
黑龙江紫金光伏项目,2024,8月,151288.1667,95389.43667,0.630514856,CNY
黑龙江紫金光伏项目,2024,9月,151288.1667,95389.43667,0.630514856,CNY
黑龙江紫金光伏项目,2024,10月,151288.1667,95389.43667,0.630514856,CNY
黑龙江紫金光伏项目,2024,11月,151288.1667,95389.43667,0.630514856,CNY
黑龙江紫金光伏项目,2024,12月,88150,55462.66,0.629185026,CNY
黑龙江紫金光伏项目,2025,1月,109614.8,61767.89,0.563499546,CNY
黑龙江紫金光伏项目,2025,2月,351722,211644.39,0.601737708,CNY
黑龙江紫金光伏项目,2025,3月,646414,395349.84,0.611604699,CNY
黑龙江紫金光伏项目,2025,4月,741342,445886.45,0.601458504,CNY
黑龙江紫金光伏项目,2025,5月,938717.6,562490.86,0.59921201,CNY
黑龙江紫金光伏项目,2025,6月,824480.8,491175.94,0.595739695,CNY
黑龙江紫金光伏项目,2025,7月,404472.4,264254.46,0.653331253,CNY
黑龙江紫金光伏项目,2025,8月,873278.8,533014.06,0.610359555,CNY
黑龙江紫金光伏项目,2025,9月,659199.6,403170.69,0.611606394,CNY
黑龙江紫金光伏项目,2025,10月,479413.2,285905.35,0.596365202,CNY
黑龙江紫金光伏项目,2025,11月,240393.2,140242.99,0.583390004,CNY
黑龙江紫金光伏项目,2025,12月,143175.6,79802.23,0.557373114,CNY
圭亚那奥罗拉金矿微电网项目,2024,10月,381708,55958.39,0.146599993,USD
圭亚那奥罗拉金矿微电网项目,2024,11月,1096437.6,162163.12,0.147899999,USD
圭亚那奥罗拉金矿微电网项目,2024,12月,637228.8,95456.87,0.149799993,USD
圭亚那奥罗拉金矿微电网项目,2025,1月,1604995.2,238823.29,0.148800003,USD
圭亚那奥罗拉金矿微电网项目,2025,2月,1423497.6,230748.96,0.162099999,USD
圭亚那奥罗拉金矿微电网项目,2025,3月,1521036,236532.96,0.155507799,USD
圭亚那奥罗拉金矿微电网项目,2025,4月,1527825.6,211101.36,0.138171111,USD
圭亚那奥罗拉金矿微电网项目,2025,5月,1375142.4,189414.88,0.137742011,USD
圭亚那奥罗拉金矿微电网项目,2025,6月,1366696.8,188349.28,0.137813508,USD
圭亚那奥罗拉金矿微电网项目,2025,7月,1543226.4,191370.8,0.124006951,USD
圭亚那奥罗拉金矿微电网项目,2025,8月,1793613.6,231420.25,0.129024585,USD
圭亚那奥罗拉金矿微电网项目,2025,9月,1744596,215736.12,0.123659644,USD
圭亚那奥罗拉金矿微电网项目,2025,10月,1766786.4,192929.21,0.109197812,USD
圭亚那奥罗拉金矿微电网项目,2025,11月,1472018.4,144325.69,0.098046118,USD
圭亚那奥罗拉金矿微电网项目,2025,12月,1076896.8,91606.64,0.085065384,USD
洛宁紫金分布式光伏项目,2025,1月,69831,71643.53,1.025955951,CNY
洛宁紫金分布式光伏项目,2025,2月,83996,54871.19,0.65325956,CNY
洛宁紫金分布式光伏项目,2025,3月,122296,68114.19,0.556961716,CNY
洛宁紫金分布式光伏项目,2025,4月,137924,75074.04,0.54431455,CNY
洛宁紫金分布式光伏项目,2025,5月,80300,43851.55,0.546096513,CNY
洛宁紫金分布式光伏项目,2025,6月,146036,94559.58,0.647508696,CNY
洛宁紫金分布式光伏项目,2025,7月,162864,107413.39,0.659528134,CNY
洛宁紫金分布式光伏项目,2025,8月,146628,96544.31,0.658430245,CNY
洛宁紫金分布式光伏项目,2025,9月,97652,52232.56,0.534884693,CNY
洛宁紫金分布式光伏项目,2025,10月,46968,23148.62,0.492859394,CNY
洛宁紫金分布式光伏项目,2025,11月,86596,39642.09,0.457781999,CNY
洛宁紫金分布式光伏项目,2025,12月,69831,42812.44,0.613086452,CNY
洛阳坤宇分布式光伏项目,2025,1月,225347.8,136173.67,0.604282225,CNY
洛阳坤宇分布式光伏项目,2025,2月,274853.2,171022.05,0.622230522,CNY
洛阳坤宇分布式光伏项目,2025,3月,372002,195622.22,0.525863356,CNY
洛阳坤宇分布式光伏项目,2025,4月,469959.2,239277.25,0.50914473,CNY
洛阳坤宇分布式光伏项目,2025,5月,477960.6,246308.47,0.515332163,CNY
洛阳坤宇分布式光伏项目,2025,6月,390714.2,243171.75,0.622377559,CNY
洛阳坤宇分布式光伏项目,2025,7月,450414,279385.41,0.620285804,CNY
洛阳坤宇分布式光伏项目,2025,8月,334245,204002.26,0.610337507,CNY
洛阳坤宇分布式光伏项目,2025,9月,256615,117392.26,0.457464529,CNY
洛阳坤宇分布式光伏项目,2025,10月,137180,61292.01,0.446799898,CNY
洛阳坤宇分布式光伏项目,2025,11月,235066,98140.2,0.417500617,CNY
洛阳坤宇分布式光伏项目,2025,12月,256981,154550.94,0.601409988,CNY
三亚紫金大楼光伏项目,2025,1月,22365,18906.79,0.845374022,CNY
三亚紫金大楼光伏项目,2025,2月,13057,11027.81,0.844589875,CNY
三亚紫金大楼光伏项目,2025,3月,13617,11533.84,0.847017698,CNY
三亚紫金大楼光伏项目,2025,4月,14290,12203.17,0.85396571,CNY
三亚紫金大楼光伏项目,2025,5月,17930,15251.38,0.850606804,CNY
三亚紫金大楼光伏项目,2025,6月,16788,14416.87,0.858760424,CNY
三亚紫金大楼光伏项目,2025,7月,16984,15956,0.939472445,CNY
三亚紫金大楼光伏项目,2025,8月,14154,12977.11,0.916851067,CNY
三亚紫金大楼光伏项目,2025,9月,14231,12288.86,0.86352751,CNY
三亚紫金大楼光伏项目,2025,10月,14183,12042.17,0.849056617,CNY
三亚紫金大楼光伏项目,2025,11月,13457,11637.42,0.864785613,CNY
三亚紫金大楼光伏项目,2025,12月,14250,12539.91,0.879993684,CNY
贵州紫金屋顶分布式光伏发电项目,2025,1月,40746.6,26117.39,0.640971026,CNY
贵州紫金屋顶分布式光伏发电项目,2025,2月,26708.4,17243.46,0.645619356,CNY
贵州紫金屋顶分布式光伏发电项目,2025,3月,91283.8,58838.04,0.644561686,CNY
贵州紫金屋顶分布式光伏发电项目,2025,4月,90487.4,58938.58,0.651345712,CNY
贵州紫金屋顶分布式光伏发电项目,2025,5月,87525.4,57149.47,0.652947259,CNY
贵州紫金屋顶分布式光伏发电项目,2025,6月,89229.8,58670.16,0.657517556,CNY
贵州紫金屋顶分布式光伏发电项目,2025,7月,148001.8,102861.46,0.695001412,CNY
贵州紫金屋顶分布式光伏发电项目,2025,8月,124707.4,83579.31,0.670203292,CNY
贵州紫金屋顶分布式光伏发电项目,2025,9月,88353,53689.97,0.607675687,CNY
贵州紫金屋顶分布式光伏发电项目,2025,10月,54508.2,32748.26,0.60079511,CNY
贵州紫金屋顶分布式光伏发电项目,2025,11月,60514.4,36528.65,0.603635664,CNY
贵州紫金屋顶分布式光伏发电项目,2025,12月,33369.6,18174.97,0.544656514,CNY
塞尔维亚紫金项目,2025,1月,618693.3333,53281.86987,0.08612,EUR
塞尔维亚紫金项目,2025,2月,618693.3333,53281.86987,0.08612,EUR
塞尔维亚紫金项目,2025,3月,618693.3333,53281.86987,0.08612,EUR
塞尔维亚紫金项目,2025,4月,306560,26400.9472,0.08612,EUR
塞尔维亚紫金项目,2025,5月,0,0,0,EUR
塞尔维亚紫金项目,2025,6月,0,0,0,EUR
塞尔维亚紫金项目,2025,7月,0,0,0,EUR
塞尔维亚紫金项目,2025,8月,0,0,0,EUR
塞尔维亚紫金项目,2025,9月,0,0,0,EUR
塞尔维亚紫金项目,2025,10月,208080,17919.8496,0.08612,EUR
塞尔维亚紫金项目,2025,11月,175520,15115.7824,0.08612,EUR
塞尔维亚紫金项目,2025,12月,29920,2576.7104,0.08612,EUR
巴紫二期项目,2025,2月,89160,24434.03,0.274046994,CNY
巴紫二期项目,2025,3月,218900,55674.88,0.254339333,CNY
巴紫二期项目,2025,4月,217620,63387.11,0.291274285,CNY
巴紫二期项目,2025,5月,238800,75565.19,0.316437144,CNY
巴紫二期项目,2025,6月,240560,75901.21,0.315518831,CNY
巴紫二期项目,2025,7月,245540,71140.91,0.289732467,CNY
巴紫二期项目,2025,8月,215140,62732.38,0.29158864,CNY
巴紫二期项目,2025,9月,113560,32768.31,0.288555037,CNY
巴紫二期项目,2025,10月,147260,40805.21,0.27709636,CNY
巴紫二期项目,2025,11月,129600,33532.4,0.258737654,CNY
巴紫二期项目,2025,12月,890356,208232.32,0.233875349,CNY
紫铜100MW风电场,2025,4月,1254765.6,739157.05,0.589079785,CNY
紫铜100MW风电场,2025,5月,1298695.2,747660.63,0.575701389,CNY
紫铜100MW风电场,2025,6月,1730863.2,917499.01,0.530081759,CNY
紫铜100MW风电场,2025,7月,2088240,1234100.91,0.590976569,CNY
紫铜100MW风电场,2025,8月,2030159.85,1212694.56,0.597339446,CNY
紫铜100MW风电场,2025,9月,2075040,1115942.68,0.537793334,CNY
紫铜100MW风电场,2025,10月,1955500.8,937510.9,0.479422407,CNY
紫铜100MW风电场,2025,11月,2777755.2,698562.08,0.251484393,CNY
紫铜100MW风电场,2025,12月,3904480.8,1821253.59,0.466452182,CNY
智慧园二期,2025,4月,3400,2318.86,0.682017647,CNY
智慧园二期,2025,5月,123773,87473.88,0.706728285,CNY
智慧园二期,2025,6月,160265,115084.32,0.718087667,CNY
智慧园二期,2025,7月,151823,106821.74,0.703593922,CNY
智慧园二期,2025,8月,172826,98894.61,0.572220673,CNY
智慧园二期,2025,9月,153694,83925.3,0.546054498,CNY
智慧园二期,2025,10月,147624,83896.77,0.568313892,CNY
智慧园二期,2025,11月,106848,59306.05,0.555050633,CNY
智慧园二期,2025,12月,113996,65837.9,0.577545703,CNY
江苏科杰,2025,5月,67850,26529.35,0.391,CNY
江苏科杰,2025,6月,396887,190373.85,0.479667638,CNY
江苏科杰,2025,7月,381705,178166.04,0.466763705,CNY
江苏科杰,2025,8月,372652.4,169743.59,0.455501132,CNY
江苏科杰,2025,9月,268316.8,125542.758,0.467890039,CNY
江苏科杰,2025,10月,230583.8,109754.328,0.475984557,CNY
江苏科杰,2025,11月,253493.4,119636.094,0.471949542,CNY
江苏科杰,2025,12月,192361.6,94283.93,0.49013904,CNY
紫净60MW风电场,2025,6月,3300908,967587.28,0.293127612,CNY
紫净60MW风电场,2025,7月,4856417,1391547.15,0.286537822,CNY
紫净60MW风电场,2025,8月,4517485,1346075.01,0.297970001,CNY
紫净60MW风电场,2025,9月,4710399,1301817.54,0.27637097,CNY
紫净60MW风电场,2025,10月,5603820,1690681.8,0.301701661,CNY
紫净60MW风电场,2025,11月,13133020,4213661.6,0.320844832,CNY
紫净60MW风电场,2025,12月,8341882,2847433.26,0.341341829,CNY
紫耀40MW光伏,2025,6月,2435812,714249.82,0.293228632,CNY
紫耀40MW光伏,2025,7月,2113183,576571.11,0.272844855,CNY
紫耀40MW光伏,2025,8月,2613155,800566.17,0.306360002,CNY
紫耀40MW光伏,2025,9月,1673121,415756.39,0.248491526,CNY
紫耀40MW光伏,2025,10月,2041620,550052.24,0.2694195,CNY
紫耀40MW光伏,2025,11月,2326820,723817.44,0.31107582,CNY
紫耀40MW光伏,2025,12月,1151558,371571.81,0.322668776,CNY
穆索诺伊光伏项目,2025,10月,1167600,128436,0.11,USD
穆索诺伊光伏项目,2025,11月,1296400,142604,0.11,USD
穆索诺伊光伏项目,2025,12月,1313200,144452,0.11,USD
巴紫70MW风电项目,2025,11月,5571500,2057062.38,0.369211591,CNY
巴紫70MW风电项目,2025,12月,9038031,2989999.47,0.33082421,CNY
苏里南罗斯贝尔36MW光储项目,2025,12月,903541.44,0,0,USD
圭亚那二期扩建光储项目,2025,12月,3312,0,0,USD
东宝山二期,2024,2月,220117,121723.22,0.552993272,CNY
东宝山二期,2024,3月,276537,162705.64,0.588368428,CNY
东宝山二期,2024,4月,259691,157443.44,0.606272224,CNY
东宝山二期,2024,5月,355357,185129.2,0.520966802,CNY
东宝山二期,2024,6月,355357,183388.6,0.51606863,CNY
东宝山二期,2024,7月,513710,259135.42,0.504439119,CNY
东宝山二期,2024,8月,462985,154493.39,0.333689839,CNY
东宝山二期,2024,9月,459458,153356.65,0.333777298,CNY
东宝山二期,2024,10月,393100,130879.37,0.332941669,CNY
东宝山二期,2024,11月,323030,102931.11,0.318642572,CNY
东宝山二期,2024,12月,333588,0,0,CNY
东宝山三期,2024,1月,0,0,0,CNY
东宝山三期,2024,2月,57434,27787.54,0.483816903,CNY
东宝山三期,2024,3月,131905,63973.36,0.484995717,CNY
东宝山三期,2024,4月,123929,64352.9,0.519272325,CNY
东宝山三期,2024,5月,167103,78220.6,0.468098119,CNY
东宝山三期,2024,6月,151708,81063.88,0.534341498,CNY
东宝山三期,2024,7月,239384,125172.03,0.522892215,CNY
东宝山三期,2024,8月,211526,70299.05,0.33234236,CNY
东宝山三期,2024,9月,207418,72279.6,0.348473132,CNY
东宝山三期,2024,10月,169420,58730.71,0.346657478,CNY
东宝山三期,2024,11月,146876,49204.26,0.335005447,CNY
东宝山三期,2024,12月,135846,0,0,CNY
紫金国际控股有限公司452.35KW屋顶光伏发电项目,2023,12月,35618,24695.05,0.693330619,CNY
紫金国际控股有限公司452.35KW屋顶光伏发电项目,2024,1月,45640,28549.37,0.625533961,CNY
紫金国际控股有限公司452.35KW屋顶光伏发电项目,2024,2月,41691,25317.58,0.607267276,CNY
紫金国际控股有限公司452.35KW屋顶光伏发电项目,2024,3月,46426,30254.36,0.651668462,CNY
紫金国际控股有限公司452.35KW屋顶光伏发电项目,2024,4月,55153,38035.92,0.689643718,CNY
紫金国际控股有限公司452.35KW屋顶光伏发电项目,2024,5月,53370,38046.73,0.712886078,CNY
紫金国际控股有限公司452.35KW屋顶光伏发电项目,2024,6月,53995,39596.79,0.733341791,CNY
紫金国际控股有限公司452.35KW屋顶光伏发电项目,2024,7月,51463,39545.44,0.768424693,CNY
紫金国际控股有限公司452.35KW屋顶光伏发电项目,2024,8月,62488,44225.33,0.707741166,CNY
紫金国际控股有限公司452.35KW屋顶光伏发电项目,2024,9月,47695,34182.4,0.716687284,CNY
紫金国际控股有限公司452.35KW屋顶光伏发电项目,2024,10月,47123,31299.18,0.66420177,CNY
紫金国际控股有限公司452.35KW屋顶光伏发电项目,2024,11月,47111,32171.29,0.682882766,CNY
紫金国际控股有限公司452.35KW屋顶光伏发电项目,2024,12月,38254,26384.31,0.689713755,CNY
紫金国际控股有限公司452.35KW屋顶光伏发电项目,2025,1月,43161,27669.09,0.641066935,CNY
紫金国际控股有限公司452.35KW屋顶光伏发电项目,2025,2月,42604,27440.92,0.644092573,CNY
紫金国际控股有限公司452.35KW屋顶光伏发电项目,2025,3月,42682,28892.87,0.676933368,CNY
紫金国际控股有限公司452.35KW屋顶光伏发电项目,2025,4月,47371,36927.62,0.779540647,CNY
紫金国际控股有限公司452.35KW屋顶光伏发电项目,2025,5月,61851,44304.79,0.716314853,CNY
紫金国际控股有限公司452.35KW屋顶光伏发电项目,2025,6月,54039,40366.05,0.746979959,CNY
紫金国际控股有限公司452.35KW屋顶光伏发电项目,2025,7月,52233,38082.83,0.729095208,CNY
紫金国际控股有限公司452.35KW屋顶光伏发电项目,2025,8月,54537,38687.5,0.709380787,CNY
紫金国际控股有限公司452.35KW屋顶光伏发电项目,2025,9月,50045,35690.26,0.713163353,CNY
紫金国际控股有限公司452.35KW屋顶光伏发电项目,2025,10月,45378,31131.04,0.686038168,CNY
紫金国际控股有限公司452.35KW屋顶光伏发电项目,2025,11月,39289,28710.23,0.730744738,CNY
紫金国际控股有限公司452.35KW屋顶光伏发电项目,2025,12月,40008,28339.89,0.708355579,CNY
天津龙净,2023,10月,29550,23199.51,0.785093401,CNY
天津龙净,2023,11月,46508,37737.395,0.811417283,CNY
天津龙净,2023,12月,41011,33556.5,0.818231694,CNY
天津龙净,2024,1月,38582,32571.79,0.844222435,CNY
天津龙净,2024,2月,41974,27136.04,0.646496403,CNY
天津龙净,2024,3月,78582,56311.85,0.716599857,CNY
天津龙净,2024,4月,79351,57479.52,0.724370455,CNY
天津龙净,2024,5月,127239,83401.94,0.655474658,CNY
天津龙净,2024,6月,115665,78607.78,0.67961596,CNY
天津龙净,2024,7月,106253,81045.61,0.762760675,CNY
天津龙净,2024,8月,97281,73175.13,0.752203719,CNY
天津龙净,2024,9月,81236,55466.73,0.682785095,CNY
天津龙净,2024,10月,68690,48959.01,0.712753094,CNY
天津龙净,2024,11月,48052,36705.33,0.763866853,CNY
天津龙净,2024,12月,45647,38266.46,0.838312704,CNY
天津龙净,2025,1月,40612,29911.58,0.736520733,CNY
天津龙净,2025,2月,51259,37704.96,0.735577362,CNY
天津龙净,2025,3月,83635,63387.23,0.757903151,CNY
天津龙净,2025,4月,86990,63742.74,0.732759398,CNY
天津龙净,2025,5月,94272,74718.06,0.792579557,CNY
天津龙净,2025,6月,101570,75201.41,0.740389977,CNY
天津龙净,2025,7月,114195,95768.92,0.838643723,CNY
天津龙净,2025,8月,92241,62444.99,0.676976507,CNY
天津龙净,2025,9月,80378,58885.85,0.732611535,CNY
天津龙净,2025,10月,45767,29467.86,0.643866978,CNY
天津龙净,2025,11月,51016,32937.23,0.64562549,CNY
天津龙净,2025,12月,35972,22618.91,0.628792116,CNY
巴彦淖尔紫金有色金属分布式光伏发电项目,2023,9月,140900,47222.85,0.335151526,CNY
巴彦淖尔紫金有色金属分布式光伏发电项目,2023,10月,581500,178876.2,0.307611694,CNY
巴彦淖尔紫金有色金属分布式光伏发电项目,2023,11月,403700,126741.27,0.313949145,CNY
巴彦淖尔紫金有色金属分布式光伏发电项目,2023,12月,225900,72116.84,0.31924232,CNY
巴彦淖尔紫金有色金属分布式光伏发电项目,2024,1月,242700,71656.87,0.295248743,CNY
巴彦淖尔紫金有色金属分布式光伏发电项目,2024,2月,396500,121757.99,0.307081942,CNY
巴彦淖尔紫金有色金属分布式光伏发电项目,2024,3月,601300,161372.27,0.26837231,CNY
巴彦淖尔紫金有色金属分布式光伏发电项目,2024,4月,685200,188080.53,0.274489974,CNY
巴彦淖尔紫金有色金属分布式光伏发电项目,2024,5月,841000,239092.46,0.284295434,CNY
巴彦淖尔紫金有色金属分布式光伏发电项目,2024,6月,854300,255356.23,0.298906976,CNY
巴彦淖尔紫金有色金属分布式光伏发电项目,2024,7月,834300,237691.98,0.284899892,CNY
巴彦淖尔紫金有色金属分布式光伏发电项目,2024,8月,787300,207804.06,0.263945205,CNY
巴彦淖尔紫金有色金属分布式光伏发电项目,2024,9月,507900,131099.69,0.258121067,CNY
巴彦淖尔紫金有色金属分布式光伏发电项目,2024,10月,580400,156222.78,0.26916399,CNY
巴彦淖尔紫金有色金属分布式光伏发电项目,2024,11月,401400,103788.27,0.258565695,CNY
巴彦淖尔紫金有色金属分布式光伏发电项目,2024,12月,297800,69113.62,0.232080658,CNY
巴彦淖尔紫金有色金属分布式光伏发电项目,2025,1月,312300,74453.85,0.238404899,CNY
巴彦淖尔紫金有色金属分布式光伏发电项目,2025,2月,393200,108791.31,0.276681867,CNY
巴彦淖尔紫金有色金属分布式光伏发电项目,2025,3月,589800,150228.33,0.254710631,CNY
巴彦淖尔紫金有色金属分布式光伏发电项目,2025,4月,583900,170129.17,0.291366964,CNY
巴彦淖尔紫金有色金属分布式光伏发电项目,2025,5月,761000,243702.56,0.320239895,CNY
巴彦淖尔紫金有色金属分布式光伏发电项目,2025,6月,432000,138798.66,0.321293194,CNY
巴彦淖尔紫金有色金属分布式光伏发电项目,2025,7月,536100,163108.46,0.304250065,CNY
巴彦淖尔紫金有色金属分布式光伏发电项目,2025,8月,484900,145489.11,0.30003941,CNY
巴彦淖尔紫金有色金属分布式光伏发电项目,2025,9月,248600,75641.69,0.304270676,CNY
巴彦淖尔紫金有色金属分布式光伏发电项目,2025,10月,483200,136652.52,0.282807368,CNY
巴彦淖尔紫金有色金属分布式光伏发电项目,2025,11月,422900,112181.8,0.265267912,CNY
巴彦淖尔紫金有色金属分布式光伏发电项目,2025,12月,2845552,679493.55,0.238791472,CNY
东宝山一期,2023,8月,51183,34032.51,0.664918235,CNY
东宝山一期,2023,9月,69757,47392.54,0.679394756,CNY
东宝山一期,2023,10月,46088,30742.8,0.667045652,CNY
东宝山一期,2023,11月,32830,22285.35,0.678810539,CNY
东宝山一期,2023,12月,32371,21957.416,0.67830515,CNY
东宝山一期,2024,1月,38272,25403.83,0.663770642,CNY
东宝山一期,2024,2月,42975,22960.582,0.53427765,CNY
东宝山一期,2024,3月,52982,33946.58,0.640719112,CNY
东宝山一期,2024,4月,47382,30858.7,0.651274746,CNY
东宝山一期,2024,5月,60590,38437.94,0.634394124,CNY
东宝山一期,2024,6月,61636,38152.97,0.61900464,CNY
东宝山一期,2024,7月,105271,63995.61,0.607913005,CNY
东宝山一期,2024,8月,91040,56384.37,0.619336226,CNY
东宝山一期,2024,9月,88829,56082.5,0.631353499,CNY
东宝山一期,2024,10月,65174,39533.64,0.606586062,CNY
东宝山一期,2024,11月,42593,26347.14,0.618579109,CNY
东宝山一期,2024,12月,57202,11190.88,0.195637915,CNY
东宝山一期,2025,1月,59583,13416.37,0.225171106,CNY
东宝山一期,2025,2月,36890,7645.77,0.207258607,CNY
东宝山一期,2025,3月,75501,13194.21,0.174755434,CNY
东宝山一期,2025,4月,73744,13663.7,0.185285583,CNY
东宝山一期,2025,5月,71265,14799.25,0.207665053,CNY
东宝山一期,2025,6月,93189,18206.73,0.195374239,CNY
东宝山一期,2025,7月,89467,15411.86,0.172263069,CNY
东宝山一期,2025,8月,100014,18158.37,0.181558282,CNY
东宝山一期,2025,9月,85089,14889.3,0.174985016,CNY
东宝山一期,2025,10月,67765,14339.22,0.211602155,CNY
东宝山一期,2025,11月,37001,7019.01,0.189697846,CNY
东宝山一期,2025,12月,50981,10366.73,0.203344972,CNY
龙净智慧产业园,2023,8月,424479,215592.8,0.507899802,CNY
龙净智慧产业园,2023,9月,623636,304107.84,0.487636762,CNY
龙净智慧产业园,2023,10月,480158,235416.8,0.490290279,CNY
龙净智慧产业园,2023,11月,505025,241733.99,0.478657472,CNY
龙净智慧产业园,2023,12月,378058,179634.52,0.475150691,CNY
龙净智慧产业园,2024,1月,375426,188630.36,0.502443517,CNY
龙净智慧产业园,2024,2月,395393,179908.55,0.455011975,CNY
龙净智慧产业园,2024,3月,421102,202539.49,0.480974894,CNY
龙净智慧产业园,2024,4月,380326,189307.96,0.497751823,CNY
龙净智慧产业园,2024,5月,538350,262331.28,0.487287601,CNY
龙净智慧产业园,2024,6月,486029,243011.71,0.49999426,CNY
龙净智慧产业园,2024,7月,782533,382657.42,0.488998445,CNY
龙净智慧产业园,2024,8月,698045,343472.68,0.492049481,CNY
龙净智慧产业园,2024,9月,671142,323549.66,0.482088232,CNY
龙净智慧产业园,2024,10月,534563,269240.56,0.503664788,CNY
龙净智慧产业园,2024,11月,479345,230919.3,0.481739248,CNY
龙净智慧产业园,2024,12月,485546,208620.65,0.429661968,CNY
龙净智慧产业园,2025,1月,513480,242234.42,0.471750448,CNY
龙净智慧产业园,2025,2月,370881,183458.83,0.494656858,CNY
龙净智慧产业园,2025,3月,579701,273741.61,0.472211726,CNY
龙净智慧产业园,2025,4月,555786,260599.556,0.468884707,CNY
龙净智慧产业园,2025,5月,558045,267387.0524,0.479149625,CNY
龙净智慧产业园,2025,6月,695508,335003.24,0.481666983,CNY
龙净智慧产业园,2025,7月,642614,316705.51,0.492839418,CNY
龙净智慧产业园,2025,8月,745030,409016.51,0.548993343,CNY
龙净智慧产业园,2025,9月,665349,414479.49,0.622950497,CNY
龙净智慧产业园,2025,10月,628556,357365.96,0.56855071,CNY
龙净智慧产业园,2025,11月,463769,267880.17,0.577615515,CNY
龙净智慧产业园,2025,12月,389801,233776.37,0.599732607,CNY
智能输送,2023,7月,58001,27576.8,0.475453871,CNY
智能输送,2023,8月,166350,79206.41,0.476143132,CNY
智能输送,2023,9月,155419,75562.65,0.486186695,CNY
智能输送,2023,10月,136220,64894.79,0.476396931,CNY
智能输送,2023,11月,149384,70555.65,0.472310622,CNY
智能输送,2023,12月,114081,57197.78,0.50137867,CNY
智能输送,2024,1月,118024,59206.16,0.501645089,CNY
智能输送,2024,2月,118173,54285.3,0.45937143,CNY
智能输送,2024,3月,126868,59831.52,0.471604502,CNY
智能输送,2024,4月,114475,55849.63,0.487876218,CNY
智能输送,2024,5月,157593,71797.14,0.455585845,CNY
智能输送,2024,6月,144703,65520.62,0.452793791,CNY
智能输送,2024,7月,226979,110174.16,0.485393627,CNY
智能输送,2024,8月,199966,90512.69,0.452640399,CNY
智能输送,2024,9月,188849,89620.55,0.474561952,CNY
智能输送,2024,10月,152244,71209.97,0.467735806,CNY
智能输送,2024,11月,135580,67236.64,0.495918572,CNY
智能输送,2024,12月,140931,66091.23,0.46896162,CNY
智能输送,2025,1月,146505,68627.35,0.468430088,CNY
智能输送,2025,2月,101145,50302.62,0.497331751,CNY
智能输送,2025,3月,159987,73373.4,0.458621013,CNY
智能输送,2025,4月,168652,78111.17,0.463149977,CNY
智能输送,2025,5月,170407,76641.33,0.449754588,CNY
智能输送,2025,6月,198839,92613.39,0.465770749,CNY
智能输送,2025,7月,190130,88404.86,0.464970599,CNY
智能输送,2025,8月,212121,96011.98,0.452628358,CNY
智能输送,2025,9月,180452,84152.03,0.466340246,CNY
智能输送,2025,10月,173827,76672.21,0.441083434,CNY
智能输送,2025,11月,130652,58742.56,0.449610875,CNY
智能输送,2025,12月,129624,59644.93,0.460138015,CNY
科瑞环保,2023,7月,46809.06,28567.8,0.610304928,CNY
科瑞环保,2023,8月,91586,62204.56,0.67919289,CNY
科瑞环保,2023,9月,87074,59808.56,0.686870478,CNY
科瑞环保,2023,10月,67388,45812.18,0.679826972,CNY
科瑞环保,2023,11月,72342,2129.68,0.029439053,CNY
科瑞环保,2023,12月,53796,37037.69,0.688484088,CNY
科瑞环保,2024,1月,58496,36167.86,0.618296294,CNY
科瑞环保,2024,2月,29758,17465.17,0.586906714,CNY
科瑞环保,2024,3月,57709,29457.38,0.510446897,CNY
科瑞环保,2024,4月,54946,27826.1,0.506426309,CNY
科瑞环保,2024,5月,73804,36987.73,0.50116159,CNY
科瑞环保,2024,6月,66252,29420.28,0.444066292,CNY
科瑞环保,2024,7月,107405,50937.3,0.474254457,CNY
科瑞环保,2024,8月,93700,45661.62,0.487317182,CNY
科瑞环保,2024,9月,91266,43961.65,0.481687047,CNY
科瑞环保,2024,10月,60124,27171.08,0.451917371,CNY
科瑞环保,2024,11月,68314,39885.47,0.583854993,CNY
科瑞环保,2024,12月,64033,38714.71,0.604605594,CNY
科瑞环保,2025,1月,73037,33853.74,0.463514931,CNY
科瑞环保,2025,2月,51343,29410.41,0.572822196,CNY
科瑞环保,2025,3月,79670,44631.01,0.560198444,CNY
科瑞环保,2025,4月,76749,45815.72,0.59695527,CNY
科瑞环保,2025,5月,67628,37024.71,0.547476045,CNY
科瑞环保,2025,6月,92667,51232.15,0.552862939,CNY
科瑞环保,2025,7月,89899,49987.43,0.556039889,CNY
科瑞环保,2025,8月,102367,51786.35,0.505889105,CNY
科瑞环保,2025,9月,89598,50538.55,0.564058908,CNY
科瑞环保,2025,10月,82782,41821.18,0.50519654,CNY
科瑞环保,2025,11月,61548,33230.5,0.539911939,CNY
科瑞环保,2025,12月,61828,33361.37,0.539583522,CNY
黑龙江多铜6MW项目,2022,12月,116960,79773.16,0.682055062,CNY
黑龙江多铜6MW项目,2023,1月,432160,294223.02,0.68081965,CNY
黑龙江多铜6MW项目,2023,2月,821520,558261.52,0.679547083,CNY
黑龙江多铜6MW项目,2023,3月,1042640,702936.7,0.67418927,CNY
黑龙江多铜6MW项目,2023,4月,800320,550124.56,0.687380748,CNY
黑龙江多铜6MW项目,2023,5月,713360,484868.38,0.679696619,CNY
黑龙江多铜6MW项目,2023,6月,720480,453052.54,0.628820425,CNY
黑龙江多铜6MW项目,2023,7月,592720,381192.52,0.643124106,CNY
黑龙江多铜6MW项目,2023,8月,545120,350807.85,0.643542431,CNY
黑龙江多铜6MW项目,2023,9月,526240,341632.02,0.649194322,CNY
黑龙江多铜6MW项目,2023,10月,611040,394775.47,0.646071403,CNY
黑龙江多铜6MW项目,2023,11月,447120,300116.88,0.671222222,CNY
黑龙江多铜6MW项目,2023,12月,361200,246202.2,0.681622924,CNY
黑龙江多铜6MW项目,2024,1月,256880,165979.33,0.646135666,CNY
黑龙江多铜6MW项目,2024,2月,708960,441021.83,0.622068706,CNY
黑龙江多铜6MW项目,2024,3月,944560,619884.01,0.656267479,CNY
黑龙江多铜6MW项目,2024,4月,891520,589639.26,0.661386464,CNY
黑龙江多铜6MW项目,2024,5月,999440,582259.46,0.582585708,CNY
黑龙江多铜6MW项目,2024,6月,952400,614705.02,0.645427362,CNY
黑龙江多铜6MW项目,2024,7月,819200,532221.41,0.649684338,CNY
黑龙江多铜6MW项目,2024,8月,881280,569781.45,0.646538501,CNY
黑龙江多铜6MW项目,2024,9月,596320,381762.03,0.640196589,CNY
黑龙江多铜6MW项目,2024,10月,775120,493570.31,0.63676632,CNY
黑龙江多铜6MW项目,2024,11月,438320,284741.7,0.649620597,CNY
黑龙江多铜6MW项目,2024,12月,247280,135717.31,0.548840626,CNY
黑龙江多铜6MW项目,2025,1月,360400,193546.36,0.537032075,CNY
黑龙江多铜6MW项目,2025,2月,564800,297869.02,0.527388492,CNY
黑龙江多铜6MW项目,2025,3月,1086720,683876.75,0.629303546,CNY
黑龙江多铜6MW项目,2025,4月,776800,491274.08,0.632433162,CNY
黑龙江多铜6MW项目,2025,5月,997520,625719.99,0.627275634,CNY
黑龙江多铜6MW项目,2025,6月,878400,567486.32,0.646045446,CNY
黑龙江多铜6MW项目,2025,7月,935200,639625.52,0.683945167,CNY
黑龙江多铜6MW项目,2025,8月,779840,525577.15,0.673955106,CNY
黑龙江多铜6MW项目,2025,9月,751200,432842.24,0.576201065,CNY
黑龙江多铜6MW项目,2025,10月,722800,407961.26,0.564417903,CNY
黑龙江多铜6MW项目,2025,11月,450400,254144.82,0.564264698,CNY
黑龙江多铜6MW项目,2025,12月,242560,126493.52,0.521493734,CNY
龙净厦门基地,2023,4月,41524.27,28786.83,0.693253126,CNY
龙净厦门基地,2023,5月,50786.94,36423.41,0.717180637,CNY
龙净厦门基地,2023,6月,47684.71,34486.73,0.723224069,CNY
龙净厦门基地,2023,7月,55099.58,41728.31,0.757325373,CNY
龙净厦门基地,2023,8月,50276,39293.47,0.781555215,CNY
龙净厦门基地,2023,9月,39582,31036.33,0.784102117,CNY
龙净厦门基地,2023,10月,37073,28986.48,0.781875759,CNY
龙净厦门基地,2023,11月,34729,26074.8,0.750807682,CNY
龙净厦门基地,2023,12月,28311,22034.4,0.778298188,CNY
龙净厦门基地,2024,1月,30601,23049.24,0.753218522,CNY
龙净厦门基地,2024,2月,32148,23493.01,0.73077672,CNY
龙净厦门基地,2024,3月,38099,27335.25,0.717479461,CNY
龙净厦门基地,2024,4月,30163,22111.3,0.733060372,CNY
龙净厦门基地,2024,5月,41145,29506.6,0.717136955,CNY
龙净厦门基地,2024,6月,39794,27605.15,0.693701312,CNY
龙净厦门基地,2024,7月,57417,41922.89,0.730147691,CNY
龙净厦门基地,2024,8月,51520,37918.17,0.735989325,CNY
龙净厦门基地,2024,9月,25318,18874.62,0.745502014,CNY
龙净厦门基地,2024,10月,38201,27583.79,0.722069841,CNY
龙净厦门基地,2024,11月,35798,25493.74,0.712155428,CNY
龙净厦门基地,2024,12月,35228,25257.8,0.716980811,CNY
龙净厦门基地,2025,1月,37871,26167.48,0.690963534,CNY
龙净厦门基地,2025,2月,30204,21221.14,0.702593696,CNY
龙净厦门基地,2025,3月,43518,28724.79,0.660066869,CNY
龙净厦门基地,2025,4月,47473,32198.7,0.678252902,CNY
龙净厦门基地,2025,5月,46827,32593.6,0.696042881,CNY
龙净厦门基地,2025,6月,51859,37755.11,0.7280339,CNY
龙净厦门基地,2025,7月,47474,33321.07,0.701880398,CNY
龙净厦门基地,2025,8月,52446,35344.15,0.673915075,CNY
龙净厦门基地,2025,9月,44278,31690.73,0.715721803,CNY
龙净厦门基地,2025,10月,41633,28920.04,0.694642231,CNY
龙净厦门基地,2025,11月,34701,18483.53,0.53265122,CNY
龙净厦门基地,2025,12月,34098,21926.09,0.643031556,CNY
莲冠电商物流产业园,2023,5月,211140,83020.25,0.393200009,CNY
莲冠电商物流产业园,2023,6月,192540,75706.73,0.39320001,CNY
莲冠电商物流产业园,2023,7月,230760,90734.83,0.393199991,CNY
莲冠电商物流产业园,2023,8月,206730,81286.24,0.393200019,CNY
莲冠电商物流产业园,2023,9月,181770,71471.96,0.393199978,CNY
莲冠电商物流产业园,2023,10月,138960,54639.07,0.393199986,CNY
莲冠电商物流产业园,2023,11月,146819,57729.23,0.393199995,CNY
莲冠电商物流产业园,2023,12月,117420,46169.54,0.393199966,CNY
莲冠电商物流产业园,2024,1月,119890,47140.75,0.393200017,CNY
莲冠电商物流产业园,2024,2月,114200,44903.44,0.3932,CNY
莲冠电商物流产业园,2024,3月,132766,52203.59,0.393199991,CNY
莲冠电商物流产业园,2024,4月,117178,46074.39,0.393200003,CNY
莲冠电商物流产业园,2024,5月,179029,70394.2,0.393199984,CNY
莲冠电商物流产业园,2024,6月,156925,61702.91,0.3932,CNY
莲冠电商物流产业园,2024,7月,249974,98289.78,0.393200013,CNY
莲冠电商物流产业园,2024,8月,211391,83118.94,0.393199994,CNY
莲冠电商物流产业园,2024,9月,197302,77579.15,0.393200018,CNY
莲冠电商物流产业园,2024,10月,151972,59755.39,0.393199997,CNY
莲冠电商物流产业园,2024,11月,133176,52364.8,0.393199976,CNY
莲冠电商物流产业园,2024,12月,140229,55138.04,0.39319998,CNY
莲冠电商物流产业园,2025,1月,164039,64500.13,0.393199971,CNY
莲冠电商物流产业园,2025,2月,107493,42266.25,0.393200022,CNY
莲冠电商物流产业园,2025,3月,162220,63784.9,0.393199975,CNY
莲冠电商物流产业园,2025,4月,170057,66866.41,0.393199986,CNY
莲冠电商物流产业园,2025,5月,176564,69424.96,0.393199973,CNY
莲冠电商物流产业园,2025,6月,198119,77900.39,0.393199996,CNY
莲冠电商物流产业园,2025,7月,199593,78479.97,0.393200012,CNY
莲冠电商物流产业园,2025,8月,225697,88744.06,0.393199998,CNY
莲冠电商物流产业园,2025,9月,193544,76101.5,0.393199996,CNY
莲冠电商物流产业园,2025,10月,178207,70070.99,0.393199987,CNY
莲冠电商物流产业园,2025,11月,141135,55494.28,0.393199986,CNY
莲冠电商物流产业园,2025,12月,135949,53455.15,0.393200024,CNY
连城徐氏锂电池,2023,4月,7301.22,4341.14,0.594577345,CNY
连城徐氏锂电池,2023,5月,43968.78,27401.22,0.623197187,CNY
连城徐氏锂电池,2023,6月,43519,28154.8,0.646954204,CNY
连城徐氏锂电池,2023,7月,52071,34828.07,0.668857329,CNY
连城徐氏锂电池,2023,8月,48457,33844.61,0.698446251,CNY
连城徐氏锂电池,2023,9月,46322,31774.17,0.685941237,CNY
连城徐氏锂电池,2023,10月,37962,24818.91,0.653782994,CNY
连城徐氏锂电池,2023,11月,44134,29550.22,0.669556804,CNY
连城徐氏锂电池,2023,12月,32423,22081.95,0.681058199,CNY
连城徐氏锂电池,2024,1月,28609,18992.95,0.663880247,CNY
连城徐氏锂电池,2024,2月,11770,8266.67,0.702350892,CNY
连城徐氏锂电池,2024,3月,32795,21387.39,0.652153987,CNY
连城徐氏锂电池,2024,4月,27028,17717.97,0.655541291,CNY
连城徐氏锂电池,2024,5月,40955,25772.8,0.629295568,CNY
连城徐氏锂电池,2024,6月,34414,21391.99,0.621607195,CNY
连城徐氏锂电池,2024,7月,56456,36373.82,0.64428617,CNY
连城徐氏锂电池,2024,8月,49350,32539.68,0.65936535,CNY
连城徐氏锂电池,2024,9月,53244,32153.72,0.603893772,CNY
连城徐氏锂电池,2024,10月,39438,24435.66,0.619596836,CNY
连城徐氏锂电池,2024,11月,36982,23562.46,0.6371332,CNY
连城徐氏锂电池,2024,12月,40905,25902.78,0.633242391,CNY
连城徐氏锂电池,2025,1月,26066,16407.66,0.629465971,CNY
连城徐氏锂电池,2025,2月,27575,17596.35,0.638126927,CNY
连城徐氏锂电池,2025,3月,40812,25356.43,0.621298393,CNY
连城徐氏锂电池,2025,4月,40450,24991.94,0.617847713,CNY
连城徐氏锂电池,2025,5月,40630,24908.84,0.613065223,CNY
连城徐氏锂电池,2025,6月,47587,31031.24,0.6520949,CNY
连城徐氏锂电池,2025,7月,46772,29072.41,0.621577226,CNY
连城徐氏锂电池,2025,8月,54229,32082.92,0.591619244,CNY
连城徐氏锂电池,2025,9月,50517,32049.09,0.634421878,CNY
连城徐氏锂电池,2025,10月,47553,27434.41,0.576922802,CNY
连城徐氏锂电池,2025,11月,41019,24577.82,0.599181355,CNY
连城徐氏锂电池,2025,12月,41889,25751.38,0.614752799,CNY
连城工贸海峡光电产业园,2023,4月,38448,8425.6,0.219142738,CNY
连城工贸海峡光电产业园,2023,5月,66958,49896.26,0.745187431,CNY
连城工贸海峡光电产业园,2023,6月,85471,49497.87,0.579118882,CNY
连城工贸海峡光电产业园,2023,7月,99201,56738.42,0.571954113,CNY
连城工贸海峡光电产业园,2023,8月,92683,57760.03,0.623199832,CNY
连城工贸海峡光电产业园,2023,9月,89082,53979.54,0.605953391,CNY
连城工贸海峡光电产业园,2023,10月,71338,43485.52,0.609570215,CNY
连城工贸海峡光电产业园,2023,11月,85881,51227.93,0.596498993,CNY
连城工贸海峡光电产业园,2023,12月,63803,39063.43,0.612250678,CNY
连城工贸海峡光电产业园,2024,1月,66213,39537.97,0.59713304,CNY
连城工贸海峡光电产业园,2024,2月,60301,29599.11,0.490856039,CNY
连城工贸海峡光电产业园,2024,3月,51517,29018.77,0.563285323,CNY
连城工贸海峡光电产业园,2024,4月,27029,14561.53,0.538737282,CNY
连城工贸海峡光电产业园,2024,5月,40285,20298.66,0.503876381,CNY
连城工贸海峡光电产业园,2024,6月,54567,30680.93,0.562261623,CNY
连城工贸海峡光电产业园,2024,7月,112587,64819.86,0.575731301,CNY
连城工贸海峡光电产业园,2024,8月,98030,57742.85,0.589032439,CNY
连城工贸海峡光电产业园,2024,9月,95689,44189.28,0.461801043,CNY
连城工贸海峡光电产业园,2024,10月,78556,40754.82,0.518799582,CNY
连城工贸海峡光电产业园,2024,11月,73263,38118.01,0.520290051,CNY
连城工贸海峡光电产业园,2024,12月,82600,46708.25,0.565475182,CNY
连城工贸海峡光电产业园,2025,1月,102803,53996.43,0.525241773,CNY
连城工贸海峡光电产业园,2025,2月,56706,30927.29,0.545397136,CNY
连城工贸海峡光电产业园,2025,3月,80524,38756.66,0.481305698,CNY
连城工贸海峡光电产业园,2025,4月,80354,42651.68,0.530797222,CNY
连城工贸海峡光电产业园,2025,5月,80690,44965.05,0.557256785,CNY
连城工贸海峡光电产业园,2025,6月,94511,54828.35,0.580126652,CNY
连城工贸海峡光电产业园,2025,7月,90784,47659.39,0.524975657,CNY
连城工贸海峡光电产业园,2025,8月,106937,55643.17,0.520335992,CNY
连城工贸海峡光电产业园,2025,9月,98506,53872.11,0.546891661,CNY
连城工贸海峡光电产业园,2025,10月,95084,49722.31,0.522930356,CNY
连城工贸海峡光电产业园,2025,11月,82046,43226.1,0.52685201,CNY
连城工贸海峡光电产业园,2025,12月,83361,44018.99,0.528052567,CNY
